{"cameraMode":{"drawMode":0,"name":"Shaded","section":"Shading Mode"},"sceneLighting":true,"audioPlay":false,"sceneViewState":{"m_AlwaysRefresh":false,"showFog":true,"showSkybox":true,"showFlares":true,"showImageEffects":true,"showParticleSystems":true,"showVisualEffectGraphs":true,"m_FxEnabled":true},"in2DMode":false,"pivot":{"x":12.568909645080567,"y":1.7291401624679566,"z":0.5101243853569031},"rotation":{"x":0.01010514423251152,"y":-0.3550642430782318,"z":0.0038381083868443968,"w":0.9347798228263855},"size":12.12435531616211,"orthographic":false}